{"cameraMode":{"drawMode":0,"name":"Shaded","section":"Shading Mode"},"sceneLighting":true,"audioPlay":false,"sceneViewState":{"showFog":true,"showMaterialUpdate":false,"showSkybox":true,"showFlares":true,"showImageEffects":true,"showParticleSystems":true},"in2DMode":false,"pivot":{"x":-2.2355728149414064,"y":-0.42562007904052737,"z":-5.34832239151001},"rotation":{"x":-0.12948061525821687,"y":0.6806695461273193,"z":-0.12407895177602768,"w":-0.7103031277656555},"size":20.182750701904298,"orthographic":false}