{"cameraMode":{"drawMode":0,"name":"Shaded","section":"Shading Mode"},"sceneLighting":true,"audioPlay":false,"sceneViewState":{"showFog":true,"showMaterialUpdate":false,"showSkybox":true,"showFlares":true,"showImageEffects":true,"showParticleSystems":true},"in2DMode":false,"pivot":{"x":-3.9853827953338625,"y":-1.9121233224868775,"z":-7.2586774826049809},"rotation":{"x":0.07723800837993622,"y":-0.891935408115387,"z":0.1667400449514389,"w":0.41316038370132449},"size":8.008688926696778,"orthographic":true}